{"cameraMode":{"drawMode":0,"name":"Shaded","section":"Shading Mode"},"sceneLighting":true,"audioPlay":false,"sceneViewState":{"showFog":true,"showMaterialUpdate":true,"showSkybox":true,"showFlares":true,"showImageEffects":true,"showParticleSystems":true,"showVisualEffectGraphs":true,"m_FxEnabled":true},"in2DMode":false,"pivot":{"x":0.02683059498667717,"y":15.773721694946289,"z":-3.1396689414978029},"rotation":{"x":0.07579725980758667,"y":0.5133337378501892,"z":-0.04606976360082626,"w":0.8536694049835205},"size":12.12435531616211,"orthographic":false}