{"cameraMode":{"drawMode":0,"name":"Shaded","section":"Shading Mode"},"sceneLighting":true,"audioPlay":false,"sceneViewState":{"showFog":true,"showMaterialUpdate":false,"showSkybox":true,"showFlares":true,"showImageEffects":true,"showParticleSystems":true,"showVisualEffectGraphs":true,"m_FxEnabled":true},"in2DMode":false,"pivot":{"x":21.48590660095215,"y":137.48910522460938,"z":-11.577040672302246},"rotation":{"x":-0.04221236705780029,"y":0.7431548237800598,"z":0.039895009249448779,"w":0.6680998802185059},"size":5.3964362144470219,"orthographic":false}