{"cameraMode":{"drawMode":0,"name":"Shaded","section":"Shading Mode"},"sceneLighting":false,"audioPlay":false,"sceneViewState":{"showFog":true,"showMaterialUpdate":false,"showSkybox":false,"showFlares":true,"showImageEffects":true,"showParticleSystems":true,"showVisualEffectGraphs":true,"m_FxEnabled":true},"in2DMode":false,"pivot":{"x":-24.567861557006837,"y":40.50108337402344,"z":16.282794952392579},"rotation":{"x":0.21026216447353364,"y":0.004661288112401962,"z":-0.0025605543050915004,"w":0.9778488278388977},"size":6.062177658081055,"orthographic":false}