{"cameraMode":{"drawMode":0,"name":"Shaded","section":"Shading Mode"},"sceneLighting":false,"audioPlay":false,"sceneViewState":{"showFog":true,"showMaterialUpdate":false,"showSkybox":false,"showFlares":true,"showImageEffects":true,"showParticleSystems":true,"showVisualEffectGraphs":true,"m_FxEnabled":true},"in2DMode":false,"pivot":{"x":-0.5269578099250794,"y":0.5918575525283814,"z":1.0219305753707886},"rotation":{"x":0.039886295795440677,"y":0.9201198816299439,"z":-0.1005065068602562,"w":0.37710854411125185},"size":0.7732033133506775,"orthographic":false}