{"cameraMode":{"drawMode":0,"name":"Shaded","section":"Shading Mode"},"sceneLighting":true,"audioPlay":false,"sceneViewState":{"showFog":true,"showMaterialUpdate":true,"showSkybox":true,"showFlares":true,"showImageEffects":true,"showParticleSystems":true,"showVisualEffectGraphs":true,"m_FxEnabled":true},"in2DMode":false,"pivot":{"x":-67.7219009399414,"y":-29.46166229248047,"z":41.745079040527347},"rotation":{"x":-0.0023285280913114549,"y":0.9603945016860962,"z":-0.2785681188106537,"w":-0.008054880425333977},"size":0.8324303030967712,"orthographic":false}